{
    "accuracy": 0.678125,
    "test_loss": 0.8456431591510772
}