{
    "accuracy": 0.9990625,
    "loss": 0.0073433517255762125
}