{
    "accuracy": 0.9971875,
    "loss": 0.009354900991456815
}