{
    "accuracy": 0.77125,
    "loss": 0.592221781052649
}