{
    "accuracy": 0.9059375,
    "loss": 0.27180007482878865
}